{"_wandb":{"runtime":184},"_runtime":184.675021,"_step":156,"Step":157,"Action":5,"Reward":2.5,"_timestamp":1.7337990952499268e+09}