{"Action":5,"Reward":15.5,"_wandb":{"runtime":220},"_timestamp":1.733797872151393e+09,"_runtime":190.943183,"_step":32,"Step":33}