{"Step":894,"Action":1,"Reward":-3,"_wandb":{"runtime":696},"_timestamp":1.733787324222614e+09,"_runtime":696.311162,"_step":893}