{"_timestamp":1.733798111874038e+09,"_runtime":129.640986,"_step":84,"Step":85,"_wandb":{"runtime":129},"Action":4,"Reward":9.5}