{"_runtime":103.412328,"_step":16,"Step":17,"Action":3,"Reward":5,"_wandb":{"runtime":103},"_timestamp":1.733781311189831e+09}