{"_step":108,"Step":109,"Action":2,"Reward":-8.8,"_timestamp":1.733798777251532e+09,"_runtime":160.778281,"_wandb":{"runtime":162}}