{"Reward":-0.6000000000000001,"_timestamp":1.733788820716544e+09,"_runtime":1173.334545,"_wandb":{"runtime":1173},"_step":1156,"Step":1157,"Action":5}