{"Reward":-0.8,"_wandb":{"runtime":344},"_timestamp":1.7337779241597068e+09,"_runtime":343.962598,"_step":229,"Step":230,"Action":5}