{"Reward":1,"_timestamp":1.7337975610010712e+09,"_runtime":799.07396,"_step":738,"_wandb":{"runtime":799},"Step":739,"Action":3}