{"Reward":-6,"_timestamp":1.7337818568226671e+09,"_runtime":499.635037,"_wandb":{"runtime":499},"_step":243,"Step":244,"Action":1}