{"_runtime":163.427645,"_step":71,"Step":72,"Action":3,"_wandb":{"runtime":179},"Reward":29,"Done":false,"_timestamp":1.7337769509926221e+09}