{"Action":2,"Reward":34,"_timestamp":1.7337875677899818e+09,"_wandb":{"runtime":152},"_runtime":136.351598,"_step":45,"Step":46}