{"_timestamp":1.7337806220998101e+09,"_step":2727,"ppo_loss":225597.1875,"episode":1,"Step":681,"episode_reward":14018.3994140625,"_runtime":2647.38694,"_wandb":{"runtime":2662},"Reward":25,"episode_length":2046,"Action":5}