{"Step":53,"Action":5,"_wandb":{"runtime":137},"Reward":5,"_timestamp":1.733799943527591e+09,"_runtime":137.197829,"_step":52}