{"Action":1,"_wandb":{"runtime":3819},"episode":1,"_timestamp":1.733796244577178e+09,"episode_length":2046,"_runtime":3798.574838,"episode_reward":7381.80029296875,"ppo_loss":45318.77734375,"Step":1885,"_step":3931,"Reward":-5.6}