{"episode_reward":8359.80078125,"episode":1,"_wandb":{"runtime":4292},"Action":5,"_timestamp":1.733786415166008e+09,"_step":4083,"Step":2037,"ppo_loss":49344.14453125,"episode_length":2046,"_runtime":4292.446748,"Reward":-5.8}